Ensembl	Gene	"Gene description"	Uniprot	Evidence
ENSG00000183044	ABAT	"4-aminobutyrate aminotransferase"	P80404	"Evidence at protein level"
ENSG00000165029	ABCA1	"ATP binding cassette subfamily A member 1"	O95477	"Evidence at protein level"
ENSG00000103222	ABCC1	"ATP binding cassette subfamily C member 1"	P33527	"Evidence at protein level"
ENSG00000023839	ABCC2	"ATP binding cassette subfamily C member 2"	Q92887	"Evidence at protein level"
ENSG00000006071	ABCC8	"ATP binding cassette subfamily C member 8"	Q09428	"Evidence at protein level"
ENSG00000069431	ABCC9	"ATP binding cassette subfamily C member 9"	O60706	"Evidence at protein level"
ENSG00000097007	ABL1	"ABL proto-oncogene 1, non-receptor tyrosine kinase"	P00519	"Evidence at protein level"
ENSG00000285188	AC008397.2	"CAMP-specific 3',5'-cyclic phosphodiesterase 4C "	Q08493	"Evidence at protein level"
ENSG00000060971	ACAA1	"Acetyl-CoA acyltransferase 1"	P09110	"Evidence at protein level"
ENSG00000159640	ACE	"Angiotensin I converting enzyme"	P12821	"Evidence at protein level"
ENSG00000130234	ACE2	"Angiotensin I converting enzyme 2"	Q9BYF1	"Evidence at protein level"
ENSG00000087085	ACHE	"Acetylcholinesterase (Cartwright blood group)"	P22303	"Evidence at protein level"
ENSG00000072110	ACTN1	"Actinin alpha 1"	P12814	"Evidence at protein level"
ENSG00000196839	ADA	"Adenosine deaminase"	P00813	"Evidence at protein level"
ENSG00000187758	ADH1A	"Alcohol dehydrogenase 1A (class I), alpha polypeptide"	P07327	"Evidence at protein level"
ENSG00000196616	ADH1B	"Alcohol dehydrogenase 1B (class I), beta polypeptide"	P00325	"Evidence at protein level"
ENSG00000248144	ADH1C	"Alcohol dehydrogenase 1C (class I), gamma polypeptide"	P00326	"Evidence at protein level"
ENSG00000156110	ADK	"Adenosine kinase"	P55263	"Evidence at protein level"
ENSG00000163485	ADORA1	"Adenosine A1 receptor"	P30542	"Evidence at protein level"
ENSG00000128271	ADORA2A	"Adenosine A2a receptor"	P29274	"Evidence at protein level"
ENSG00000170425	ADORA2B	"Adenosine A2b receptor"	P29275	"Evidence at protein level"
ENSG00000282608	ADORA3	"Adenosine A3 receptor"	P0DMS8	"Evidence at protein level"
ENSG00000120907	ADRA1A	"Adrenoceptor alpha 1A"	P35348	"Evidence at protein level"
ENSG00000170214	ADRA1B	"Adrenoceptor alpha 1B"	P35368	"Evidence at protein level"
ENSG00000171873	ADRA1D	"Adrenoceptor alpha 1D"	P25100	"Evidence at protein level"
ENSG00000150594	ADRA2A	"Adrenoceptor alpha 2A"	P08913	"Evidence at protein level"
ENSG00000274286	ADRA2B	"Adrenoceptor alpha 2B"	P18089	"Evidence at protein level"
ENSG00000184160	ADRA2C	"Adrenoceptor alpha 2C"	P18825	"Evidence at transcript level"
ENSG00000043591	ADRB1	"Adrenoceptor beta 1"	P08588	"Evidence at protein level"
ENSG00000169252	ADRB2	"Adrenoceptor beta 2"	P07550	"Evidence at protein level"
ENSG00000188778	ADRB3	"Adrenoceptor beta 3"	P13945	"Evidence at protein level"
ENSG00000144891	AGTR1	"Angiotensin II receptor type 1"	P30556	"Evidence at protein level"
ENSG00000151632	AKR1C2	"Aldo-keto reductase family 1 member C2"	P52895	"Evidence at protein level"
ENSG00000122787	AKR1D1	"Aldo-keto reductase family 1 member D1"	P51857	"Evidence at protein level"
ENSG00000148218	ALAD	"Aminolevulinate dehydratase"	P13716	"Evidence at protein level"
ENSG00000111275	ALDH2	"Aldehyde dehydrogenase 2 family (mitochondrial)"	P05091	"Evidence at protein level"
ENSG00000132746	ALDH3B2	"Aldehyde dehydrogenase 3 family member B2"	P48448	"Evidence at transcript level"
ENSG00000171094	ALK	"ALK receptor tyrosine kinase"	Q9UM73	"Evidence at protein level"
ENSG00000012779	ALOX5	"Arachidonate 5-lipoxygenase"	P09917	"Evidence at protein level"
ENSG00000163286	ALPPL2	"Alkaline phosphatase, placental like 2"	P10696	"Evidence at protein level"
ENSG00000243480	AMY2A	"Amylase, alpha 2A (pancreatic)"	P04746	"Evidence at protein level"
ENSG00000131620	ANO1	"Anoctamin 1"	Q5XXA6	"Evidence at protein level"
ENSG00000135046	ANXA1	"Annexin A1"	P04083	"Evidence at protein level"
ENSG00000138772	ANXA3	"Annexin A3"	P12429	"Evidence at protein level"
ENSG00000131471	AOC3	"Amine oxidase, copper containing 3"	Q16853	"Evidence at protein level"
ENSG00000100823	APEX1	"Apurinic/apyrimidinic endodeoxyribonuclease 1"	P27695	"Evidence at protein level"
ENSG00000142192	APP	"Amyloid beta precursor protein"	P05067	"Evidence at protein level"
ENSG00000169083	AR	"Androgen receptor"	P10275	"Evidence at protein level"
ENSG00000110881	ASIC1	"Acid sensing ion channel subunit 1"	P78348	"Evidence at protein level"
ENSG00000138363	ATIC	"5-aminoimidazole-4-carboxamide ribonucleotide formyltransferase/IMP cyclohydrolase"	P31939	"Evidence at protein level"
ENSG00000163399	ATP1A1	"ATPase Na+/K+ transporting subunit alpha 1"	P05023	"Evidence at protein level"
ENSG00000017260	ATP2C1	"ATPase secretory pathway Ca2+ transporting 1"	P98194	"Evidence at protein level"
ENSG00000105675	ATP4A	"ATPase H+/K+ transporting alpha subunit"	P20648	"Evidence at protein level"
ENSG00000186009	ATP4B	"ATPase H+/K+ transporting beta subunit"	P51164	"Evidence at protein level"
ENSG00000147416	ATP6V1B2	"ATPase H+ transporting V1 subunit B2"	P21281	"Evidence at protein level"
ENSG00000155097	ATP6V1C1	"ATPase H+ transporting V1 subunit C1"	P21283	"Evidence at protein level"
ENSG00000166148	AVPR1A	"Arginine vasopressin receptor 1A"	P37288	"Evidence at protein level"
ENSG00000198049	AVPR1B	"Arginine vasopressin receptor 1B"	P47901	"Evidence at protein level"
ENSG00000126895	AVPR2	"Arginine vasopressin receptor 2"	P30518	"Evidence at protein level"
ENSG00000114200	BCHE	Butyrylcholinesterase	P06276	"Evidence at protein level"
ENSG00000171791	BCL2	"BCL2, apoptosis regulator"	P10415	"Evidence at protein level"
ENSG00000186716	BCR	"BCR, RhoGEF and GTPase activating protein"	P11274	"Evidence at protein level"
ENSG00000168398	BDKRB2	"Bradykinin receptor B2"	P30411	"Evidence at protein level"
ENSG00000242252	BGLAP	"Bone gamma-carboxyglutamate protein"	P02818	"Evidence at protein level"
ENSG00000090013	BLVRB	"Biliverdin reductase B"	P30043	"Evidence at protein level"
ENSG00000107779	BMPR1A	"Bone morphogenetic protein receptor type 1A"	P36894	"Evidence at protein level"
ENSG00000204217	BMPR2	"Bone morphogenetic protein receptor type 2"	Q13873	"Evidence at protein level"
ENSG00000157764	BRAF	"B-Raf proto-oncogene, serine/threonine kinase"	P15056	"Evidence at protein level"
ENSG00000010671	BTK	"Bruton tyrosine kinase"	Q06187	"Evidence at protein level"
ENSG00000159403	C1R	"Complement C1r"	P00736	"Evidence at protein level"
ENSG00000182326	C1S	"Complement C1s"	P09871	"Evidence at protein level"
ENSG00000125730	C3	"Complement C3"	P01024	"Evidence at protein level"
ENSG00000244731	C4A	"Complement C4A (Rodgers blood group)"	P0C0L4	"Evidence at protein level"
ENSG00000224389	C4B	"Complement C4B (Chido blood group)"	P0C0L5	"Evidence at protein level"
ENSG00000106804	C5	"Complement C5"	P01031	"Evidence at protein level"
ENSG00000133742	CA1	"Carbonic anhydrase 1"	P00915	"Evidence at protein level"
ENSG00000074410	CA12	"Carbonic anhydrase 12"	O43570	"Evidence at protein level"
ENSG00000118298	CA14	"Carbonic anhydrase 14"	Q9ULX7	"Evidence at protein level"
ENSG00000104267	CA2	"Carbonic anhydrase 2"	P00918	"Evidence at protein level"
ENSG00000164879	CA3	"Carbonic anhydrase 3"	P07451	"Evidence at protein level"
ENSG00000167434	CA4	"Carbonic anhydrase 4"	P22748	"Evidence at protein level"
ENSG00000168748	CA7	"Carbonic anhydrase 7"	P43166	"Evidence at protein level"
ENSG00000141837	CACNA1A	"Calcium voltage-gated channel subunit alpha1 A"	O00555	"Evidence at protein level"
ENSG00000148408	CACNA1B	"Calcium voltage-gated channel subunit alpha1 B"	Q00975	"Evidence at protein level"
ENSG00000151067	CACNA1C	"Calcium voltage-gated channel subunit alpha1 C"	Q13936	"Evidence at protein level"
ENSG00000157388	CACNA1D	"Calcium voltage-gated channel subunit alpha1 D"	Q01668	"Evidence at protein level"
ENSG00000198216	CACNA1E	"Calcium voltage-gated channel subunit alpha1 E"	Q15878	"Evidence at protein level"
ENSG00000102001	CACNA1F	"Calcium voltage-gated channel subunit alpha1 F"	O60840	"Evidence at protein level"
ENSG00000006283	CACNA1G	"Calcium voltage-gated channel subunit alpha1 G"	O43497	"Evidence at protein level"
ENSG00000196557	CACNA1H	"Calcium voltage-gated channel subunit alpha1 H"	O95180	"Evidence at protein level"
ENSG00000100346	CACNA1I	"Calcium voltage-gated channel subunit alpha1 I"	Q9P0X4	"Evidence at protein level"
ENSG00000081248	CACNA1S	"Calcium voltage-gated channel subunit alpha1 S"	Q13698	"Evidence at protein level"
ENSG00000153956	CACNA2D1	"Calcium voltage-gated channel auxiliary subunit alpha2delta 1"	P54289	"Evidence at protein level"
ENSG00000007402	CACNA2D2	"Calcium voltage-gated channel auxiliary subunit alpha2delta 2"	Q9NY47	"Evidence at protein level"
ENSG00000067191	CACNB1	"Calcium voltage-gated channel auxiliary subunit beta 1"	Q02641	"Evidence at protein level"
ENSG00000165995	CACNB2	"Calcium voltage-gated channel auxiliary subunit beta 2"	Q08289	"Evidence at protein level"
ENSG00000167535	CACNB3	"Calcium voltage-gated channel auxiliary subunit beta 3"	P54284	"Evidence at protein level"
ENSG00000182389	CACNB4	"Calcium voltage-gated channel auxiliary subunit beta 4"	O00305	"Evidence at protein level"
ENSG00000108878	CACNG1	"Calcium voltage-gated channel auxiliary subunit gamma 1"	Q06432	"Evidence at protein level"
ENSG00000130643	CALY	"Calcyon neuron specific vesicular protein"	Q9NYX4	"Evidence at protein level"
ENSG00000164615	CAMLG	"Calcium modulating ligand"	P49069	"Evidence at protein level"
ENSG00000164326	CARTPT	"CART prepropeptide"	Q16568	"Evidence at protein level"
ENSG00000036828	CASR	"Calcium sensing receptor"	P41180	"Evidence at protein level"
ENSG00000121691	CAT	Catalase	P04040	"Evidence at protein level"
ENSG00000163394	CCKAR	"Cholecystokinin A receptor"	P32238	"Evidence at protein level"
ENSG00000110148	CCKBR	"Cholecystokinin B receptor"	P32239	"Evidence at protein level"
ENSG00000108691	CCL2	"C-C motif chemokine ligand 2"	P13500	"Evidence at protein level"
ENSG00000110092	CCND1	"Cyclin D1"	P24385	"Evidence at protein level"
ENSG00000160791	CCR5	"C-C motif chemokine receptor 5 (gene/pseudogene)"	P51681	"Evidence at protein level"
ENSG00000177455	CD19	"CD19 molecule"	P15391	"Evidence at protein level"
ENSG00000116824	CD2	"CD2 molecule"	P06729	"Evidence at protein level"
ENSG00000012124	CD22	"CD22 molecule"	P20273	"Evidence at protein level"
ENSG00000198821	CD247	"CD247 molecule"	P20963	"Evidence at protein level"
ENSG00000120217	CD274	"CD274 molecule"	Q9NZQ7	"Evidence at protein level"
ENSG00000105383	CD33	"CD33 molecule"	P20138	"Evidence at protein level"
ENSG00000167286	CD3D	"CD3d molecule"	P04234	"Evidence at protein level"
ENSG00000198851	CD3E	"CD3e molecule"	P07766	"Evidence at protein level"
ENSG00000160654	CD3G	"CD3g molecule"	P09693	"Evidence at protein level"
ENSG00000010610	CD4	"CD4 molecule"	P01730	"Evidence at protein level"
ENSG00000026508	CD44	"CD44 molecule (Indian blood group)"	P16070	"Evidence at protein level"
ENSG00000169442	CD52	"CD52 molecule"	P31358	"Evidence at protein level"
ENSG00000121594	CD80	"CD80 molecule"	P33681	"Evidence at protein level"
ENSG00000114013	CD86	"CD86 molecule"	P42081	"Evidence at protein level"
ENSG00000135446	CDK4	"Cyclin dependent kinase 4"	P11802	"Evidence at protein level"
ENSG00000105810	CDK6	"Cyclin dependent kinase 6"	Q00534	"Evidence at protein level"
ENSG00000198848	CES1	"Carboxylesterase 1"	P23141	"Evidence at protein level"
ENSG00000001626	CFTR	"Cystic fibrosis transmembrane conductance regulator"	P13569	"Evidence at protein level"
ENSG00000153922	CHD1	"Chromodomain helicase DNA binding protein 1"	O14646	"Evidence at protein level"
ENSG00000168539	CHRM1	"Cholinergic receptor muscarinic 1"	P11229	"Evidence at protein level"
ENSG00000181072	CHRM2	"Cholinergic receptor muscarinic 2"	P08172	"Evidence at protein level"
ENSG00000133019	CHRM3	"Cholinergic receptor muscarinic 3"	P20309	"Evidence at protein level"
ENSG00000180720	CHRM4	"Cholinergic receptor muscarinic 4"	P08173	"Evidence at protein level"
ENSG00000184984	CHRM5	"Cholinergic receptor muscarinic 5"	P08912	"Evidence at transcript level"
ENSG00000129749	CHRNA10	"Cholinergic receptor nicotinic alpha 10 subunit"	Q9GZZ6	"Evidence at protein level"
ENSG00000120903	CHRNA2	"Cholinergic receptor nicotinic alpha 2 subunit"	Q15822	"Evidence at protein level"
ENSG00000080644	CHRNA3	"Cholinergic receptor nicotinic alpha 3 subunit"	P32297	"Evidence at protein level"
ENSG00000101204	CHRNA4	"Cholinergic receptor nicotinic alpha 4 subunit"	P43681	"Evidence at protein level"
ENSG00000175344	CHRNA7	"Cholinergic receptor nicotinic alpha 7 subunit"	P36544	"Evidence at protein level"
ENSG00000160716	CHRNB2	"Cholinergic receptor nicotinic beta 2 subunit"	P17787	"Evidence at protein level"
ENSG00000117971	CHRNB4	"Cholinergic receptor nicotinic beta 4 subunit"	P30926	"Evidence at protein level"
ENSG00000166165	CKB	"Creatine kinase B"	P12277	"Evidence at protein level"
ENSG00000104879	CKM	"Creatine kinase, M-type"	P06732	"Evidence at protein level"
ENSG00000223572	CKMT1A	"Creatine kinase, mitochondrial 1A"	P12532	"Evidence at protein level"
ENSG00000237289	CKMT1B	"Creatine kinase, mitochondrial 1B"	P12532	"Evidence at protein level"
ENSG00000131730	CKMT2	"Creatine kinase, mitochondrial 2"	P17540	"Evidence at protein level"
ENSG00000114859	CLCN2	"Chloride voltage-gated channel 2"	P51788	"Evidence at protein level"
ENSG00000118432	CNR1	"Cannabinoid receptor 1"	P21554	"Evidence at protein level"
ENSG00000188822	CNR2	"Cannabinoid receptor 2"	P34972	"Evidence at protein level"
ENSG00000108821	COL1A1	"Collagen type I alpha 1 chain"	P02452	"Evidence at protein level"
ENSG00000093010	COMT	Catechol-O-methyltransferase	P21964	"Evidence at protein level"
ENSG00000080618	CPB2	"Carboxypeptidase B2"	Q96IY4	"Evidence at protein level"
ENSG00000021826	CPS1	"Carbamoyl-phosphate synthase 1"	P31327	"Evidence at protein level"
ENSG00000110090	CPT1A	"Carnitine palmitoyltransferase 1A"	P50416	"Evidence at protein level"
ENSG00000157184	CPT2	"Carnitine palmitoyltransferase 2"	P23786	"Evidence at protein level"
ENSG00000113851	CRBN	Cereblon	Q96SW2	"Evidence at protein level"
ENSG00000120088	CRHR1	"Corticotropin releasing hormone receptor 1"	P34998	"Evidence at protein level"
ENSG00000182578	CSF1R	"Colony stimulating factor 1 receptor"	P07333	"Evidence at protein level"
ENSG00000198223	CSF2RA	"Colony stimulating factor 2 receptor alpha subunit"	P15509	"Evidence at protein level"
ENSG00000100368	CSF2RB	"Colony stimulating factor 2 receptor beta common subunit"	P32927	"Evidence at protein level"
ENSG00000119535	CSF3R	"Colony stimulating factor 3 receptor"	Q99062	"Evidence at protein level"
ENSG00000163599	CTLA4	"Cytotoxic T-lymphocyte associated protein 4"	P16410	"Evidence at protein level"
ENSG00000121966	CXCR4	"C-X-C motif chemokine receptor 4"	P61073	"Evidence at protein level"
ENSG00000140459	CYP11A1	"Cytochrome P450 family 11 subfamily A member 1"	P05108	"Evidence at protein level"
ENSG00000160882	CYP11B1	"Cytochrome P450 family 11 subfamily B member 1"	P15538	"Evidence at protein level"
ENSG00000148795	CYP17A1	"Cytochrome P450 family 17 subfamily A member 1"	P05093	"Evidence at protein level"
ENSG00000137869	CYP19A1	"Cytochrome P450 family 19 subfamily A member 1"	P11511	"Evidence at protein level"
ENSG00000001630	CYP51A1	"Cytochrome P450 family 51 subfamily A member 1"	Q16850	"Evidence at protein level"
ENSG00000173198	CYSLTR1	"Cysteinyl leukotriene receptor 1"	Q9Y271	"Evidence at protein level"
ENSG00000152207	CYSLTR2	"Cysteinyl leukotriene receptor 2"	Q9NS75	"Evidence at protein level"
ENSG00000123454	DBH	"Dopamine beta-hydroxylase"	P09172	"Evidence at protein level"
ENSG00000156136	DCK	"Deoxycytidine kinase"	P27707	"Evidence at protein level"
ENSG00000132437	DDC	"Dopa decarboxylase"	P20711	"Evidence at protein level"
ENSG00000162733	DDR2	"Discoidin domain receptor tyrosine kinase 2"	Q16832	"Evidence at protein level"
ENSG00000228716	DHFR	"Dihydrofolate reductase"	P00374	"Evidence at protein level"
ENSG00000102967	DHODH	"Dihydroorotate dehydrogenase (quinone)"	Q02127	"Evidence at protein level"
ENSG00000197406	DIO3	"Iodothyronine deiodinase 3"	P55073	"Evidence at protein level"
ENSG00000130816	DNMT1	"DNA methyltransferase 1"	P26358	"Evidence at protein level"
ENSG00000015413	DPEP1	"Dipeptidase 1"	P16444	"Evidence at protein level"
ENSG00000197635	DPP4	"Dipeptidyl peptidase 4"	P27487	"Evidence at protein level"
ENSG00000188641	DPYD	"Dihydropyrimidine dehydrogenase"	Q12882	"Evidence at protein level"
ENSG00000184845	DRD1	"Dopamine receptor D1"	P21728	"Evidence at protein level"
ENSG00000149295	DRD2	"Dopamine receptor D2"	P14416	"Evidence at protein level"
ENSG00000151577	DRD3	"Dopamine receptor D3"	P35462	"Evidence at protein level"
ENSG00000069696	DRD4	"Dopamine receptor D4"	P21917	"Evidence at protein level"
ENSG00000169676	DRD5	"Dopamine receptor D5"	P21918	"Evidence at protein level"
ENSG00000151617	EDNRA	"Endothelin receptor type A"	P25101	"Evidence at protein level"
ENSG00000136160	EDNRB	"Endothelin receptor type B"	P24530	"Evidence at protein level"
ENSG00000138798	EGF	"Epidermal growth factor"	P01133	"Evidence at protein level"
ENSG00000146648	EGFR	"Epidermal growth factor receptor"	P00533	"Evidence at protein level"
ENSG00000197561	ELANE	"Elastase, neutrophil expressed"	P08246	"Evidence at protein level"
ENSG00000119888	EPCAM	"Epithelial cell adhesion molecule"	P16422	"Evidence at protein level"
ENSG00000142627	EPHA2	"EPH receptor A2"	P29317	"Evidence at protein level"
ENSG00000187266	EPOR	"Erythropoietin receptor"	P19235	"Evidence at protein level"
ENSG00000141736	ERBB2	"Erb-b2 receptor tyrosine kinase 2"	P04626	"Evidence at protein level"
ENSG00000178568	ERBB4	"Erb-b2 receptor tyrosine kinase 4"	Q15303	"Evidence at protein level"
ENSG00000091831	ESR1	"Estrogen receptor 1"	P03372	"Evidence at protein level"
ENSG00000140009	ESR2	"Estrogen receptor 2"	Q92731	"Evidence at protein level"
ENSG00000196482	ESRRG	"Estrogen related receptor gamma"	P62508	"Evidence at protein level"
ENSG00000126218	F10	"Coagulation factor X"	P00742	"Evidence at protein level"
ENSG00000088926	F11	"Coagulation factor XI"	P03951	"Evidence at protein level"
ENSG00000131187	F12	"Coagulation factor XII"	P00748	"Evidence at protein level"
ENSG00000124491	F13A1	"Coagulation factor XIII A chain"	P00488	"Evidence at protein level"
ENSG00000180210	F2	"Coagulation factor II, thrombin"	P00734	"Evidence at protein level"
ENSG00000181104	F2R	"Coagulation factor II thrombin receptor"	P25116	"Evidence at protein level"
ENSG00000117525	F3	"Coagulation factor III, tissue factor"	P13726	"Evidence at protein level"
ENSG00000198734	F5	"Coagulation factor V"	P12259	"Evidence at protein level"
ENSG00000057593	F7	"Coagulation factor VII"	P08709	"Evidence at protein level"
ENSG00000185010	F8	"Coagulation factor VIII"	P00451	"Evidence at protein level"
ENSG00000101981	F9	"Coagulation factor IX"	P00740	"Evidence at protein level"
ENSG00000149485	FADS1	"Fatty acid desaturase 1"	O60427	"Evidence at protein level"
ENSG00000134824	FADS2	"Fatty acid desaturase 2"	O95864	"Evidence at protein level"
ENSG00000169710	FASN	"Fatty acid synthase"	P49327	"Evidence at protein level"
ENSG00000179639	FCER1A	"Fc fragment of IgE receptor Ia"	P12319	"Evidence at protein level"
ENSG00000158869	FCER1G	"Fc fragment of IgE receptor Ig"	P30273	"Evidence at protein level"
ENSG00000150337	FCGR1A	"Fc fragment of IgG receptor Ia"	P12314	"Evidence at protein level"
ENSG00000198019	FCGR1B	"Fc fragment of IgG receptor Ib"	Q92637	"Evidence at protein level"
ENSG00000143226	FCGR2A	"Fc fragment of IgG receptor IIa"	P12318	"Evidence at protein level"
ENSG00000072694	FCGR2B	"Fc fragment of IgG receptor IIb"	P31994	"Evidence at protein level"
ENSG00000203747	FCGR3A	"Fc fragment of IgG receptor IIIa"	P08637	"Evidence at protein level"
ENSG00000162747	FCGR3B	"Fc fragment of IgG receptor IIIb"	O75015	"Evidence at protein level"
ENSG00000160752	FDPS	"Farnesyl diphosphate synthase"	P14324	"Evidence at protein level"
ENSG00000126266	FFAR1	"Free fatty acid receptor 1"	O14842	"Evidence at protein level"
ENSG00000171560	FGA	"Fibrinogen alpha chain"	P02671	"Evidence at protein level"
ENSG00000171564	FGB	"Fibrinogen beta chain"	P02675	"Evidence at protein level"
ENSG00000113578	FGF1	"Fibroblast growth factor 1"	P05230	"Evidence at protein level"
ENSG00000138685	FGF2	"Fibroblast growth factor 2"	P09038	"Evidence at protein level"
ENSG00000077782	FGFR1	"Fibroblast growth factor receptor 1"	P11362	"Evidence at protein level"
ENSG00000066468	FGFR2	"Fibroblast growth factor receptor 2"	P21802	"Evidence at protein level"
ENSG00000068078	FGFR3	"Fibroblast growth factor receptor 3"	P22607	"Evidence at protein level"
ENSG00000160867	FGFR4	"Fibroblast growth factor receptor 4"	P22455	"Evidence at protein level"
ENSG00000088832	FKBP1A	"FK506 binding protein 1A"	P62942	"Evidence at protein level"
ENSG00000102755	FLT1	"Fms related tyrosine kinase 1"	P17948	"Evidence at protein level"
ENSG00000122025	FLT3	"Fms related tyrosine kinase 3"	P36888	"Evidence at protein level"
ENSG00000037280	FLT4	"Fms related tyrosine kinase 4"	P35916	"Evidence at protein level"
ENSG00000115414	FN1	"Fibronectin 1"	P02751	"Evidence at protein level"
ENSG00000086205	FOLH1	"Folate hydrolase 1"	Q04609	"Evidence at protein level"
ENSG00000111816	FRK	"Fyn related Src family tyrosine kinase"	P42685	"Evidence at protein level"
ENSG00000170820	FSHR	"Follicle stimulating hormone receptor"	P23945	"Evidence at protein level"
ENSG00000167996	FTH1	"Ferritin heavy chain 1"	P02794	"Evidence at protein level"
ENSG00000087086	FTL	"Ferritin light chain"	P02792	"Evidence at protein level"
ENSG00000137731	FXYD2	"FXYD domain containing ion transport regulator 2"	P54710	"Evidence at protein level"
ENSG00000171298	GAA	"Glucosidase alpha, acid"	P10253	"Evidence at protein level"
ENSG00000204681	GABBR1	"Gamma-aminobutyric acid type B receptor subunit 1"	Q9UBS5	"Evidence at protein level"
ENSG00000136928	GABBR2	"Gamma-aminobutyric acid type B receptor subunit 2"	O75899	"Evidence at protein level"
ENSG00000022355	GABRA1	"Gamma-aminobutyric acid type A receptor alpha1 subunit"	P14867	"Evidence at protein level"
ENSG00000151834	GABRA2	"Gamma-aminobutyric acid type A receptor alpha2 subunit"	P47869	"Evidence at protein level"
ENSG00000011677	GABRA3	"Gamma-aminobutyric acid type A receptor alpha3 subunit"	P34903	"Evidence at protein level"
ENSG00000109158	GABRA4	"Gamma-aminobutyric acid type A receptor alpha4 subunit"	P48169	"Evidence at protein level"
ENSG00000186297	GABRA5	"Gamma-aminobutyric acid type A receptor alpha5 subunit"	P31644	"Evidence at protein level"
ENSG00000145863	GABRA6	"Gamma-aminobutyric acid type A receptor alpha6 subunit"	Q16445	"Evidence at transcript level"
ENSG00000163288	GABRB1	"Gamma-aminobutyric acid type A receptor beta1 subunit"	P18505	"Evidence at protein level"
ENSG00000145864	GABRB2	"Gamma-aminobutyric acid type A receptor beta2 subunit"	P47870	"Evidence at protein level"
ENSG00000166206	GABRB3	"Gamma-aminobutyric acid type A receptor beta3 subunit"	P28472	"Evidence at protein level"
ENSG00000187730	GABRD	"Gamma-aminobutyric acid type A receptor delta subunit"	O14764	"Evidence at protein level"
ENSG00000102287	GABRE	"Gamma-aminobutyric acid type A receptor epsilon subunit"	P78334	"Evidence at transcript level"
ENSG00000163285	GABRG1	"Gamma-aminobutyric acid type A receptor gamma1 subunit"	Q8N1C3	"Evidence at transcript level"
ENSG00000113327	GABRG2	"Gamma-aminobutyric acid type A receptor gamma2 subunit"	P18507	"Evidence at protein level"
ENSG00000182256	GABRG3	"Gamma-aminobutyric acid type A receptor gamma3 subunit"	Q99928	"Evidence at protein level"
ENSG00000094755	GABRP	"Gamma-aminobutyric acid type A receptor pi subunit"	O00591	"Evidence at protein level"
ENSG00000268089	GABRQ	"Gamma-aminobutyric acid type A receptor theta subunit"	Q9UN88	"Evidence at protein level"
ENSG00000146276	GABRR1	"Gamma-aminobutyric acid type A receptor rho1 subunit"	P24046	"Evidence at transcript level"
ENSG00000111886	GABRR2	"Gamma-aminobutyric acid type A receptor rho2 subunit"	P28476	"Evidence at transcript level"
ENSG00000183185	GABRR3	"Gamma-aminobutyric acid type A receptor rho3 subunit (gene/pseudogene)"	A8MPY1	"Evidence at transcript level"
ENSG00000130035	GALNT8	"Polypeptide N-acetylgalactosaminyltransferase 8"	"Q9NY28, P17658"	"Evidence at protein level"
ENSG00000130005	GAMT	"Guanidinoacetate N-methyltransferase"	Q14353	"Evidence at protein level"
ENSG00000089597	GANAB	"Glucosidase II alpha subunit"	Q14697	"Evidence at protein level"
ENSG00000214013	GANC	"Glucosidase alpha, neutral C"	Q8TET4	"Evidence at protein level"
ENSG00000111640	GAPDH	"Glyceraldehyde-3-phosphate dehydrogenase"	P04406	"Evidence at protein level"
ENSG00000159131	GART	"Phosphoribosylglycinamide formyltransferase, phosphoribosylglycinamide synthetase, phosphoribosylaminoimidazole synthetase"	P22102	"Evidence at protein level"
ENSG00000215644	GCGR	"Glucagon receptor"	P47871	"Evidence at protein level"
ENSG00000115486	GGCX	"Gamma-glutamyl carboxylase"	P38435	"Evidence at protein level"
ENSG00000152904	GGPS1	"Geranylgeranyl diphosphate synthase 1"	O95749	"Evidence at protein level"
ENSG00000112964	GHR	"Growth hormone receptor"	P10912	"Evidence at protein level"
ENSG00000106128	GHRHR	"Growth hormone releasing hormone receptor"	Q02643	"Evidence at protein level"
ENSG00000112164	GLP1R	"Glucagon like peptide 1 receptor"	P43220	"Evidence at protein level"
ENSG00000065325	GLP2R	"Glucagon like peptide 2 receptor"	O95838	"Evidence at protein level"
ENSG00000145888	GLRA1	"Glycine receptor alpha 1"	P23415	"Evidence at protein level"
ENSG00000101958	GLRA2	"Glycine receptor alpha 2"	P23416	"Evidence at protein level"
ENSG00000145451	GLRA3	"Glycine receptor alpha 3"	O75311	"Evidence at protein level"
ENSG00000109738	GLRB	"Glycine receptor beta"	P48167	"Evidence at protein level"
ENSG00000109163	GNRHR	"Gonadotropin releasing hormone receptor"	P30968	"Evidence at protein level"
ENSG00000155511	GRIA1	"Glutamate ionotropic receptor AMPA type subunit 1"	P42261	"Evidence at protein level"
ENSG00000171189	GRIK1	"Glutamate ionotropic receptor kainate type subunit 1"	P39086	"Evidence at protein level"
ENSG00000176884	GRIN1	"Glutamate ionotropic receptor NMDA type subunit 1"	Q05586	"Evidence at protein level"
ENSG00000183454	GRIN2A	"Glutamate ionotropic receptor NMDA type subunit 2A"	Q12879	"Evidence at protein level"
ENSG00000273079	GRIN2B	"Glutamate ionotropic receptor NMDA type subunit 2B"	Q13224	"Evidence at protein level"
ENSG00000161509	GRIN2C	"Glutamate ionotropic receptor NMDA type subunit 2C"	Q14957	"Evidence at protein level"
ENSG00000105464	GRIN2D	"Glutamate ionotropic receptor NMDA type subunit 2D"	O15399	"Evidence at protein level"
ENSG00000198785	GRIN3A	"Glutamate ionotropic receptor NMDA type subunit 3A"	Q8TCU5	"Evidence at protein level"
ENSG00000116032	GRIN3B	"Glutamate ionotropic receptor NMDA type subunit 3B"	O60391	"Evidence at transcript level"
ENSG00000168959	GRM5	"Glutamate metabotropic receptor 5"	P41594	"Evidence at protein level"
ENSG00000104687	GSR	"Glutathione-disulfide reductase"	P00390	"Evidence at protein level"
ENSG00000100983	GSS	"Glutathione synthetase"	P48637	"Evidence at protein level"
ENSG00000152402	GUCY1A2	"Guanylate cyclase 1 soluble subunit alpha 2"	P33402	"Evidence at protein level"
ENSG00000070019	GUCY2C	"Guanylate cyclase 2C"	P25092	"Evidence at protein level"
ENSG00000206172	HBA1	"Hemoglobin subunit alpha 1"	P69905	"Evidence at protein level"
ENSG00000188536	HBA2	"Hemoglobin subunit alpha 2"	P69905	"Evidence at protein level"
ENSG00000244734	HBB	"Hemoglobin subunit beta"	P68871	"Evidence at protein level"
ENSG00000182782	HCAR2	"Hydroxycarboxylic acid receptor 2"	Q8TDS4	"Evidence at protein level"
ENSG00000255398	HCAR3	"Hydroxycarboxylic acid receptor 3"	P49019	"Evidence at protein level"
ENSG00000121764	HCRTR1	"Hypocretin receptor 1"	O43613	"Evidence at protein level"
ENSG00000137252	HCRTR2	"Hypocretin receptor 2"	O43614	"Evidence at protein level"
ENSG00000116478	HDAC1	"Histone deacetylase 1"	Q13547	"Evidence at protein level"
ENSG00000100429	HDAC10	"Histone deacetylase 10"	Q969S8	"Evidence at protein level"
ENSG00000163517	HDAC11	"Histone deacetylase 11"	Q96DB2	"Evidence at protein level"
ENSG00000196591	HDAC2	"Histone deacetylase 2"	Q92769	"Evidence at protein level"
ENSG00000171720	HDAC3	"Histone deacetylase 3"	O15379	"Evidence at protein level"
ENSG00000068024	HDAC4	"Histone deacetylase 4"	P56524	"Evidence at protein level"
ENSG00000108840	HDAC5	"Histone deacetylase 5"	Q9UQL6	"Evidence at protein level"
ENSG00000094631	HDAC6	"Histone deacetylase 6"	Q9UBN7	"Evidence at protein level"
ENSG00000061273	HDAC7	"Histone deacetylase 7"	Q8WUI4	"Evidence at protein level"
ENSG00000147099	HDAC8	"Histone deacetylase 8"	Q9BY41	"Evidence at protein level"
ENSG00000048052	HDAC9	"Histone deacetylase 9"	Q9UKV0	"Evidence at protein level"
ENSG00000113161	HMGCR	"3-hydroxy-3-methylglutaryl-CoA reductase"	P04035	"Evidence at protein level"
ENSG00000072571	HMMR	"Hyaluronan mediated motility receptor"	O75330	"Evidence at protein level"
ENSG00000158104	HPD	"4-hydroxyphenylpyruvate dioxygenase"	P32754	"Evidence at protein level"
ENSG00000165704	HPRT1	"Hypoxanthine phosphoribosyltransferase 1"	P00492	"Evidence at protein level"
ENSG00000196639	HRH1	"Histamine receptor H1"	P35367	"Evidence at protein level"
ENSG00000113749	HRH2	"Histamine receptor H2"	P25021	"Evidence at protein level"
ENSG00000101180	HRH3	"Histamine receptor H3"	Q9Y5N1	"Evidence at protein level"
ENSG00000203857	HSD3B1	"Hydroxy-delta-5-steroid dehydrogenase, 3 beta- and steroid delta-isomerase 1"	P14060	"Evidence at protein level"
ENSG00000203859	HSD3B2	"Hydroxy-delta-5-steroid dehydrogenase, 3 beta- and steroid delta-isomerase 2"	P26439	"Evidence at protein level"
ENSG00000178394	HTR1A	"5-hydroxytryptamine receptor 1A"	P08908	"Evidence at protein level"
ENSG00000135312	HTR1B	"5-hydroxytryptamine receptor 1B"	P28222	"Evidence at protein level"
ENSG00000179546	HTR1D	"5-hydroxytryptamine receptor 1D"	P28221	"Evidence at protein level"
ENSG00000168830	HTR1E	"5-hydroxytryptamine receptor 1E"	P28566	"Evidence at protein level"
ENSG00000179097	HTR1F	"5-hydroxytryptamine receptor 1F"	P30939	"Evidence at transcript level"
ENSG00000102468	HTR2A	"5-hydroxytryptamine receptor 2A"	P28223	"Evidence at protein level"
ENSG00000135914	HTR2B	"5-hydroxytryptamine receptor 2B"	P41595	"Evidence at protein level"
ENSG00000147246	HTR2C	"5-hydroxytryptamine receptor 2C"	P28335	"Evidence at protein level"
ENSG00000166736	HTR3A	"5-hydroxytryptamine receptor 3A"	P46098	"Evidence at protein level"
ENSG00000149305	HTR3B	"5-hydroxytryptamine receptor 3B"	O95264	"Evidence at protein level"
ENSG00000178084	HTR3C	"5-hydroxytryptamine receptor 3C"	Q8WXA8	"Evidence at protein level"
ENSG00000186090	HTR3D	"5-hydroxytryptamine receptor 3D"	Q70Z44	"Evidence at protein level"
ENSG00000186038	HTR3E	"5-hydroxytryptamine receptor 3E"	A5X5Y0	"Evidence at protein level"
ENSG00000164270	HTR4	"5-hydroxytryptamine receptor 4"	Q13639	"Evidence at protein level"
ENSG00000158748	HTR6	"5-hydroxytryptamine receptor 6"	P50406	"Evidence at protein level"
ENSG00000148680	HTR7	"5-hydroxytryptamine receptor 7"	P34969	"Evidence at protein level"
ENSG00000090339	ICAM1	"Intercellular adhesion molecule 1"	P05362	"Evidence at protein level"
ENSG00000119912	IDE	"Insulin degrading enzyme"	P14735	"Evidence at protein level"
ENSG00000182054	IDH2	"Isocitrate dehydrogenase (NADP(+)) 2, mitochondrial"	P48735	"Evidence at protein level"
ENSG00000166411	IDH3A	"Isocitrate dehydrogenase 3 (NAD(+)) alpha"	P50213	"Evidence at protein level"
ENSG00000142166	IFNAR1	"Interferon alpha and beta receptor subunit 1"	P17181	"Evidence at protein level"
ENSG00000159110	IFNAR2	"Interferon alpha and beta receptor subunit 2"	P48551	"Evidence at protein level"
ENSG00000111537	IFNG	"Interferon gamma"	P01579	"Evidence at protein level"
ENSG00000027697	IFNGR1	"Interferon gamma receptor 1"	P15260	"Evidence at protein level"
ENSG00000159128	IFNGR2	"Interferon gamma receptor 2"	P38484	"Evidence at protein level"
ENSG00000140443	IGF1R	"Insulin like growth factor 1 receptor"	P08069	"Evidence at protein level"
ENSG00000104365	IKBKB	"Inhibitor of nuclear factor kappa B kinase subunit beta"	O14920	"Evidence at protein level"
ENSG00000137070	IL11RA	"Interleukin 11 receptor subunit alpha"	Q14626	"Evidence at protein level"
ENSG00000113302	IL12B	"Interleukin 12B"	P29460	"Evidence at protein level"
ENSG00000112115	IL17A	"Interleukin 17A"	Q16552	"Evidence at protein level"
ENSG00000125538	IL1B	"Interleukin 1 beta"	P01584	"Evidence at protein level"
ENSG00000115594	IL1R1	"Interleukin 1 receptor type 1"	P14778	"Evidence at protein level"
ENSG00000110944	IL23A	"Interleukin 23 subunit alpha"	Q9NPF7	"Evidence at protein level"
ENSG00000134460	IL2RA	"Interleukin 2 receptor subunit alpha"	P01589	"Evidence at protein level"
ENSG00000100385	IL2RB	"Interleukin 2 receptor subunit beta"	P14784	"Evidence at protein level"
ENSG00000147168	IL2RG	"Interleukin 2 receptor subunit gamma"	P31785	"Evidence at protein level"
ENSG00000185291	IL3RA	"Interleukin 3 receptor subunit alpha"	P26951	"Evidence at protein level"
ENSG00000077238	IL4R	"Interleukin 4 receptor"	P24394	"Evidence at protein level"
ENSG00000113525	IL5	"Interleukin 5"	P05113	"Evidence at protein level"
ENSG00000091181	IL5RA	"Interleukin 5 receptor subunit alpha"	Q01344	"Evidence at protein level"
ENSG00000136244	IL6	"Interleukin 6"	P05231	"Evidence at protein level"
ENSG00000160712	IL6R	"Interleukin 6 receptor"	P08887	"Evidence at protein level"
ENSG00000106348	IMPDH1	"Inosine monophosphate dehydrogenase 1"	P20839	"Evidence at protein level"
ENSG00000178035	IMPDH2	"Inosine monophosphate dehydrogenase 2"	P12268	"Evidence at protein level"
ENSG00000171105	INSR	"Insulin receptor"	P06213	"Evidence at protein level"
ENSG00000005961	ITGA2B	"Integrin subunit alpha 2b"	P08514	"Evidence at protein level"
ENSG00000115232	ITGA4	"Integrin subunit alpha 4"	P13612	"Evidence at protein level"
ENSG00000005844	ITGAL	"Integrin subunit alpha L"	P20701	"Evidence at protein level"
ENSG00000138448	ITGAV	"Integrin subunit alpha V"	P06756	"Evidence at protein level"
ENSG00000150093	ITGB1	"Integrin subunit beta 1"	P05556	"Evidence at protein level"
ENSG00000259207	ITGB3	"Integrin subunit beta 3"	P05106	"Evidence at protein level"
ENSG00000139626	ITGB7	"Integrin subunit beta 7"	P26010	"Evidence at protein level"
ENSG00000162434	JAK1	"Janus kinase 1"	P23458	"Evidence at protein level"
ENSG00000096968	JAK2	"Janus kinase 2"	O60674	"Evidence at protein level"
ENSG00000105639	JAK3	"Janus kinase 3"	P52333	"Evidence at protein level"
ENSG00000177606	JUN	"Jun proto-oncogene, AP-1 transcription factor subunit"	P05412	"Evidence at protein level"
ENSG00000111262	KCNA1	"Potassium voltage-gated channel subfamily A member 1"	Q09470	"Evidence at protein level"
ENSG00000143105	KCNA10	"Potassium voltage-gated channel subfamily A member 10"	Q16322	"Evidence at protein level"
ENSG00000177301	KCNA2	"Potassium voltage-gated channel subfamily A member 2"	P16389	"Evidence at protein level"
ENSG00000177272	KCNA3	"Potassium voltage-gated channel subfamily A member 3"	P22001	"Evidence at protein level"
ENSG00000182255	KCNA4	"Potassium voltage-gated channel subfamily A member 4"	P22459	"Evidence at protein level"
ENSG00000130037	KCNA5	"Potassium voltage-gated channel subfamily A member 5"	P22460	"Evidence at protein level"
ENSG00000151079	KCNA6	"Potassium voltage-gated channel subfamily A member 6"	P17658	"Evidence at protein level"
ENSG00000104848	KCNA7	"Potassium voltage-gated channel subfamily A member 7"	Q96RP8	"Evidence at transcript level"
ENSG00000158445	KCNB1	"Potassium voltage-gated channel subfamily B member 1"	Q14721	"Evidence at protein level"
ENSG00000182674	KCNB2	"Potassium voltage-gated channel subfamily B member 2"	Q92953	"Evidence at protein level"
ENSG00000129159	KCNC1	"Potassium voltage-gated channel subfamily C member 1"	P48547	"Evidence at protein level"
ENSG00000166006	KCNC2	"Potassium voltage-gated channel subfamily C member 2"	Q96PR1	"Evidence at protein level"
ENSG00000131398	KCNC3	"Potassium voltage-gated channel subfamily C member 3"	Q14003	"Evidence at protein level"
ENSG00000102057	KCND1	"Potassium voltage-gated channel subfamily D member 1"	Q9NSA2	"Evidence at protein level"
ENSG00000184408	KCND2	"Potassium voltage-gated channel subfamily D member 2"	Q9NZV8	"Evidence at protein level"
ENSG00000171385	KCND3	"Potassium voltage-gated channel subfamily D member 3"	Q9UK17	"Evidence at protein level"
ENSG00000180509	KCNE1	"Potassium voltage-gated channel subfamily E regulatory subunit 1"	P15382	"Evidence at protein level"
ENSG00000055118	KCNH2	"Potassium voltage-gated channel subfamily H member 2"	Q12809	"Evidence at protein level"
ENSG00000151704	KCNJ1	"Potassium voltage-gated channel subfamily J member 1"	P48048	"Evidence at protein level"
ENSG00000187486	KCNJ11	"Potassium voltage-gated channel subfamily J member 11"	Q14654	"Evidence at protein level"
ENSG00000184185	KCNJ12	"Potassium voltage-gated channel subfamily J member 12"	Q14500	"Evidence at protein level"
ENSG00000121361	KCNJ8	"Potassium voltage-gated channel subfamily J member 8"	Q15842	"Evidence at protein level"
ENSG00000082482	KCNK2	"Potassium two pore domain channel subfamily K member 2"	O95069	"Evidence at protein level"
ENSG00000171303	KCNK3	"Potassium two pore domain channel subfamily K member 3"	O14649	"Evidence at protein level"
ENSG00000169427	KCNK9	"Potassium two pore domain channel subfamily K member 9"	Q9NPC2	"Evidence at protein level"
ENSG00000156113	KCNMA1	"Potassium calcium-activated channel subfamily M alpha 1"	Q12791	"Evidence at protein level"
ENSG00000145936	KCNMB1	"Potassium calcium-activated channel subfamily M regulatory beta subunit 1"	Q16558	"Evidence at protein level"
ENSG00000197584	KCNMB2	"Potassium calcium-activated channel subfamily M regulatory beta subunit 2"	Q9Y691	"Evidence at protein level"
ENSG00000171121	KCNMB3	"Potassium calcium-activated channel subfamily M regulatory beta subunit 3"	Q9NPA1	"Evidence at protein level"
ENSG00000135643	KCNMB4	"Potassium calcium-activated channel subfamily M regulatory beta subunit 4"	Q86W47	"Evidence at protein level"
ENSG00000105642	KCNN1	"Potassium calcium-activated channel subfamily N member 1"	Q92952	"Evidence at transcript level"
ENSG00000080709	KCNN2	"Potassium calcium-activated channel subfamily N member 2"	Q9H2S1	"Evidence at protein level"
ENSG00000143603	KCNN3	"Potassium calcium-activated channel subfamily N member 3"	Q9UGI6	"Evidence at protein level"
ENSG00000104783	KCNN4	"Potassium calcium-activated channel subfamily N member 4"	O15554	"Evidence at protein level"
ENSG00000053918	KCNQ1	"Potassium voltage-gated channel subfamily Q member 1"	P51787	"Evidence at protein level"
ENSG00000075043	KCNQ2	"Potassium voltage-gated channel subfamily Q member 2"	O43526	"Evidence at protein level"
ENSG00000184156	KCNQ3	"Potassium voltage-gated channel subfamily Q member 3"	O43525	"Evidence at protein level"
ENSG00000128052	KDR	"Kinase insert domain receptor"	P35968	"Evidence at protein level"
ENSG00000079999	KEAP1	"Kelch like ECH associated protein 1"	Q14145	"Evidence at protein level"
ENSG00000157404	KIT	"KIT proto-oncogene receptor tyrosine kinase"	P10721	"Evidence at protein level"
ENSG00000167748	KLK1	"Kallikrein 1"	P06870	"Evidence at protein level"
ENSG00000164344	KLKB1	"Kallikrein B1"	P03952	"Evidence at protein level"
ENSG00000187242	KRT12	"Keratin 12"	Q99456	"Evidence at protein level"
ENSG00000172867	KRT2	"Keratin 2"	P35908	"Evidence at protein level"
ENSG00000182866	LCK	"LCK proto-oncogene, Src family tyrosine kinase"	P06239	"Evidence at protein level"
ENSG00000134333	LDHA	"Lactate dehydrogenase A"	P00338	"Evidence at protein level"
ENSG00000111716	LDHB	"Lactate dehydrogenase B"	P07195	"Evidence at protein level"
ENSG00000116678	LEPR	"Leptin receptor"	P48357	"Evidence at protein level"
ENSG00000138039	LHCGR	"Luteinizing hormone/choriogonadotropin receptor"	P22888	"Evidence at protein level"
ENSG00000182333	LIPF	"Lipase F, gastric type"	P07098	"Evidence at protein level"
ENSG00000175445	LPL	"Lipoprotein lipase"	P06858	"Evidence at protein level"
ENSG00000003056	M6PR	"Mannose-6-phosphate receptor, cation dependent"	P20645	"Evidence at protein level"
ENSG00000189221	MAOA	"Monoamine oxidase A"	P21397	"Evidence at protein level"
ENSG00000069535	MAOB	"Monoamine oxidase B"	P27338	"Evidence at protein level"
ENSG00000166963	MAP1A	"Microtubule associated protein 1A"	P78559	"Evidence at protein level"
ENSG00000078018	MAP2	"Microtubule associated protein 2"	P11137	"Evidence at protein level"
ENSG00000169032	MAP2K1	"Mitogen-activated protein kinase kinase 1"	Q02750	"Evidence at protein level"
ENSG00000126934	MAP2K2	"Mitogen-activated protein kinase kinase 2"	P36507	"Evidence at protein level"
ENSG00000047849	MAP4	"Microtubule associated protein 4"	P27816	"Evidence at protein level"
ENSG00000100030	MAPK1	"Mitogen-activated protein kinase 1"	P28482	"Evidence at protein level"
ENSG00000185386	MAPK11	"Mitogen-activated protein kinase 11"	Q15759	"Evidence at protein level"
ENSG00000102882	MAPK3	"Mitogen-activated protein kinase 3"	P27361	"Evidence at protein level"
ENSG00000186868	MAPT	"Microtubule associated protein tau"	P10636	"Evidence at protein level"
ENSG00000185231	MC2R	"Melanocortin 2 receptor"	Q01718	"Evidence at protein level"
ENSG00000146701	MDH2	"Malate dehydrogenase 2"	P40926	"Evidence at protein level"
ENSG00000105976	MET	"MET proto-oncogene, receptor tyrosine kinase"	P08581	"Evidence at protein level"
ENSG00000111142	METAP2	"Methionyl aminopeptidase 2"	P50579	"Evidence at protein level"
ENSG00000257335	MGAM	Maltase-glucoamylase	O43451	"Evidence at protein level"
ENSG00000196549	MME	"Membrane metalloendopeptidase"	P08473	"Evidence at protein level"
ENSG00000196611	MMP1	"Matrix metallopeptidase 1"	P03956	"Evidence at protein level"
ENSG00000166670	MMP10	"Matrix metallopeptidase 10"	P09238	"Evidence at protein level"
ENSG00000099953	MMP11	"Matrix metallopeptidase 11"	P24347	"Evidence at protein level"
ENSG00000262406	MMP12	"Matrix metallopeptidase 12"	P39900	"Evidence at protein level"
ENSG00000137745	MMP13	"Matrix metallopeptidase 13"	P45452	"Evidence at protein level"
ENSG00000157227	MMP14	"Matrix metallopeptidase 14"	P50281	"Evidence at protein level"
ENSG00000102996	MMP15	"Matrix metallopeptidase 15"	P51511	"Evidence at protein level"
ENSG00000156103	MMP16	"Matrix metallopeptidase 16"	P51512	"Evidence at protein level"
ENSG00000198598	MMP17	"Matrix metallopeptidase 17"	Q9ULZ9	"Evidence at protein level"
ENSG00000123342	MMP19	"Matrix metallopeptidase 19"	Q99542	"Evidence at protein level"
ENSG00000087245	MMP2	"Matrix metallopeptidase 2"	P08253	"Evidence at protein level"
ENSG00000137674	MMP20	"Matrix metallopeptidase 20"	O60882	"Evidence at protein level"
ENSG00000154485	MMP21	"Matrix metallopeptidase 21"	Q8N119	"Evidence at transcript level"
ENSG00000189409	MMP23B	"Matrix metallopeptidase 23B"	O75900	"Evidence at protein level"
ENSG00000125966	MMP24	"Matrix metallopeptidase 24"	Q9Y5R2	"Evidence at protein level"
ENSG00000008516	MMP25	"Matrix metallopeptidase 25"	Q9NPA2	"Evidence at protein level"
ENSG00000167346	MMP26	"Matrix metallopeptidase 26"	Q9NRE1	"Evidence at transcript level"
ENSG00000137675	MMP27	"Matrix metallopeptidase 27"	Q9H306	"Evidence at protein level"
ENSG00000271447	MMP28	"Matrix metallopeptidase 28"	Q9H239	"Evidence at protein level"
ENSG00000149968	MMP3	"Matrix metallopeptidase 3"	P08254	"Evidence at protein level"
ENSG00000137673	MMP7	"Matrix metallopeptidase 7"	P09237	"Evidence at protein level"
ENSG00000118113	MMP8	"Matrix metallopeptidase 8"	P22894	"Evidence at protein level"
ENSG00000100985	MMP9	"Matrix metallopeptidase 9"	P14780	"Evidence at protein level"
ENSG00000117400	MPL	"MPL proto-oncogene, thrombopoietin receptor"	P40238	"Evidence at protein level"
ENSG00000153029	MR1	"Major histocompatibility complex, class I-related"	Q95460	"Evidence at protein level"
ENSG00000260314	MRC1	"Mannose receptor C-type 1"	P22897	"Evidence at protein level"
ENSG00000156738	MS4A1	"Membrane spanning 4-domains A1"	P11836	"Evidence at protein level"
ENSG00000149534	MS4A2	"Membrane spanning 4-domains A2"	Q01362	"Evidence at protein level"
ENSG00000168412	MTNR1A	"Melatonin receptor 1A"	P48039	"Evidence at protein level"
ENSG00000134640	MTNR1B	"Melatonin receptor 1B"	P49286	"Evidence at protein level"
ENSG00000198793	MTOR	"Mechanistic target of rapamycin kinase"	P42345	"Evidence at protein level"
ENSG00000116984	MTR	"5-methyltetrahydrofolate-homocysteine methyltransferase"	Q99707	"Evidence at protein level"
ENSG00000138823	MTTP	"Microsomal triglyceride transfer protein"	P55157	"Evidence at protein level"
ENSG00000146085	MUT	"Methylmalonyl-CoA mutase"	P22033	"Evidence at protein level"
ENSG00000160194	NDUFV3	"NADH:ubiquinone oxidoreductase subunit V3"	P56181	"Evidence at protein level"
ENSG00000109320	NFKB1	"Nuclear factor kappa B subunit 1"	P19838	"Evidence at protein level"
ENSG00000010322	NISCH	Nischarin	Q9Y2I1	"Evidence at protein level"
ENSG00000166741	NNMT	"Nicotinamide N-methyltransferase"	P40261	"Evidence at protein level"
ENSG00000112992	NNT	"Nicotinamide nucleotide transhydrogenase"	Q13423	"Evidence at protein level"
ENSG00000167207	NOD2	"Nucleotide binding oligomerization domain containing 2"	Q9HC29	"Evidence at protein level"
ENSG00000089250	NOS1	"Nitric oxide synthase 1"	P29475	"Evidence at protein level"
ENSG00000007171	NOS2	"Nitric oxide synthase 2"	P35228	"Evidence at protein level"
ENSG00000164867	NOS3	"Nitric oxide synthase 3"	P29474	"Evidence at protein level"
ENSG00000196408	NOXO1	"NADPH oxidase organizer 1"	Q8NFA2	"Evidence at protein level"
ENSG00000015520	NPC1L1	"NPC1 like intracellular cholesterol transporter 1"	Q9UHC9	"Evidence at protein level"
ENSG00000169418	NPR1	"Natriuretic peptide receptor 1"	P16066	"Evidence at protein level"
ENSG00000159899	NPR2	"Natriuretic peptide receptor 2"	P20594	"Evidence at protein level"
ENSG00000012504	NR1H4	"Nuclear receptor subfamily 1 group H member 4"	Q96RI1	"Evidence at protein level"
ENSG00000144852	NR1I2	"Nuclear receptor subfamily 1 group I member 2"	O75469	"Evidence at protein level"
ENSG00000113580	NR3C1	"Nuclear receptor subfamily 3 group C member 1"	P04150	"Evidence at protein level"
ENSG00000151623	NR3C2	"Nuclear receptor subfamily 3 group C member 2"	P08235	"Evidence at protein level"
ENSG00000198400	NTRK1	"Neurotrophic receptor tyrosine kinase 1"	P04629	"Evidence at protein level"
ENSG00000169006	NTSR2	"Neurotensin receptor 2"	O95665	"Evidence at protein level"
ENSG00000115758	ODC1	"Ornithine decarboxylase 1"	P11926	"Evidence at protein level"
ENSG00000105953	OGDH	"Oxoglutarate dehydrogenase"	Q02218	"Evidence at protein level"
ENSG00000116329	OPRD1	"Opioid receptor delta 1"	P41143	"Evidence at protein level"
ENSG00000082556	OPRK1	"Opioid receptor kappa 1"	P41145	"Evidence at protein level"
ENSG00000112038	OPRM1	"Opioid receptor mu 1"	P35372	"Evidence at protein level"
ENSG00000180914	OXTR	"Oxytocin receptor"	P30559	"Evidence at protein level"
ENSG00000135124	P2RX4	"Purinergic receptor P2X 4"	Q99571	"Evidence at protein level"
ENSG00000169313	P2RY12	"Purinergic receptor P2Y12"	Q9H244	"Evidence at protein level"
ENSG00000175591	P2RY2	"Purinergic receptor P2Y2"	P41231	"Evidence at protein level"
ENSG00000171759	PAH	"Phenylalanine hydroxylase"	P00439	"Evidence at protein level"
ENSG00000143799	PARP1	"Poly(ADP-ribose) polymerase 1"	P09874	"Evidence at protein level"
ENSG00000129484	PARP2	"Poly(ADP-ribose) polymerase 2"	Q9UGN5	"Evidence at protein level"
ENSG00000041880	PARP3	"Poly(ADP-ribose) polymerase family member 3"	Q9Y6F1	"Evidence at protein level"
ENSG00000169174	PCSK9	"Proprotein convertase subtilisin/kexin type 9"	Q8NBP7	"Evidence at protein level"
ENSG00000188389	PDCD1	"Programmed cell death 1"	Q15116	"Evidence at protein level"
ENSG00000112541	PDE10A	"Phosphodiesterase 10A"	Q9Y233	"Evidence at protein level"
ENSG00000128655	PDE11A	"Phosphodiesterase 11A"	Q9HCR9	"Evidence at protein level"
ENSG00000115252	PDE1A	"Phosphodiesterase 1A"	P54750	"Evidence at protein level"
ENSG00000123360	PDE1B	"Phosphodiesterase 1B"	Q01064	"Evidence at protein level"
ENSG00000154678	PDE1C	"Phosphodiesterase 1C"	Q14123	"Evidence at protein level"
ENSG00000186642	PDE2A	"Phosphodiesterase 2A"	O00408	"Evidence at protein level"
ENSG00000172572	PDE3A	"Phosphodiesterase 3A"	Q14432	"Evidence at protein level"
ENSG00000152270	PDE3B	"Phosphodiesterase 3B"	Q13370	"Evidence at protein level"
ENSG00000065989	PDE4A	"Phosphodiesterase 4A"	P27815	"Evidence at protein level"
ENSG00000184588	PDE4B	"Phosphodiesterase 4B"	Q07343	"Evidence at protein level"
ENSG00000105650	PDE4C	"Phosphodiesterase 4C"	Q08493	"Evidence at protein level"
ENSG00000113448	PDE4D	"Phosphodiesterase 4D"	Q08499	"Evidence at protein level"
ENSG00000138735	PDE5A	"Phosphodiesterase 5A"	O76074	"Evidence at protein level"
ENSG00000132915	PDE6A	"Phosphodiesterase 6A"	P16499	"Evidence at protein level"
ENSG00000133256	PDE6B	"Phosphodiesterase 6B"	P35913	"Evidence at protein level"
ENSG00000095464	PDE6C	"Phosphodiesterase 6C"	P51160	"Evidence at protein level"
ENSG00000205268	PDE7A	"Phosphodiesterase 7A"	Q13946	"Evidence at protein level"
ENSG00000171408	PDE7B	"Phosphodiesterase 7B"	Q9NP56	"Evidence at protein level"
ENSG00000073417	PDE8A	"Phosphodiesterase 8A"	O60658	"Evidence at protein level"
ENSG00000113231	PDE8B	"Phosphodiesterase 8B"	O95263	"Evidence at protein level"
ENSG00000160191	PDE9A	"Phosphodiesterase 9A"	O76083	"Evidence at protein level"
ENSG00000134853	PDGFRA	"Platelet derived growth factor receptor alpha"	P16234	"Evidence at protein level"
ENSG00000113721	PDGFRB	"Platelet derived growth factor receptor beta"	P09619	"Evidence at protein level"
ENSG00000152256	PDK1	"Pyruvate dehydrogenase kinase 1"	Q15118	"Evidence at protein level"
ENSG00000160209	PDXK	"Pyridoxal kinase"	O00764	"Evidence at protein level"
ENSG00000119630	PGF	"Placental growth factor"	P49763	"Evidence at protein level"
ENSG00000082175	PGR	"Progesterone receptor"	P06401	"Evidence at protein level"
ENSG00000121879	PIK3CA	"Phosphatidylinositol-4,5-bisphosphate 3-kinase catalytic subunit alpha"	P42336	"Evidence at protein level"
ENSG00000171608	PIK3CD	"Phosphatidylinositol-4,5-bisphosphate 3-kinase catalytic subunit delta"	O00329	"Evidence at protein level"
ENSG00000170890	PLA2G1B	"Phospholipase A2 group IB"	P04054	"Evidence at protein level"
ENSG00000188257	PLA2G2A	"Phospholipase A2 group IIA"	P14555	"Evidence at protein level"
ENSG00000116711	PLA2G4A	"Phospholipase A2 group IVA"	P47712	"Evidence at protein level"
ENSG00000184381	PLA2G6	"Phospholipase A2 group VI"	O60733	"Evidence at protein level"
ENSG00000104368	PLAT	"Plasminogen activator, tissue type"	P00750	"Evidence at protein level"
ENSG00000122861	PLAU	"Plasminogen activator, urokinase"	P00749	"Evidence at protein level"
ENSG00000011422	PLAUR	"Plasminogen activator, urokinase receptor"	Q03405	"Evidence at protein level"
ENSG00000115896	PLCL1	"Phospholipase C like 1 (inactive)"	Q15111	"Evidence at protein level"
ENSG00000122194	PLG	Plasminogen	P00747	"Evidence at protein level"
ENSG00000105355	PLIN3	"Perilipin 3"	O60664	"Evidence at protein level"
ENSG00000175535	PNLIP	"Pancreatic lipase"	P16233	"Evidence at protein level"
ENSG00000198805	PNP	"Purine nucleoside phosphorylase"	P00491	"Evidence at protein level"
ENSG00000101868	POLA1	"DNA polymerase alpha 1, catalytic subunit"	P09884	"Evidence at protein level"
ENSG00000070501	POLB	"DNA polymerase beta"	P06746	"Evidence at protein level"
ENSG00000177084	POLE	"DNA polymerase epsilon, catalytic subunit"	Q07864	"Evidence at protein level"
ENSG00000100479	POLE2	"DNA polymerase epsilon 2, accessory subunit"	P56282	"Evidence at protein level"
ENSG00000148229	POLE3	"DNA polymerase epsilon 3, accessory subunit"	Q9NRF9	"Evidence at protein level"
ENSG00000115350	POLE4	"DNA polymerase epsilon 4, accessory subunit"	Q9NR33	"Evidence at protein level"
ENSG00000186951	PPARA	"Peroxisome proliferator activated receptor alpha"	Q07869	"Evidence at protein level"
ENSG00000112033	PPARD	"Peroxisome proliferator activated receptor delta"	Q03181	"Evidence at protein level"
ENSG00000132170	PPARG	"Peroxisome proliferator activated receptor gamma"	P37231	"Evidence at protein level"
ENSG00000188386	PPP3R2	"Protein phosphatase 3 regulatory subunit B, beta"	Q96LZ3	"Evidence at protein level"
ENSG00000126432	PRDX5	"Peroxiredoxin 5"	P30044	"Evidence at protein level"
ENSG00000132356	PRKAA1	"Protein kinase AMP-activated catalytic subunit alpha 1"	Q13131	"Evidence at protein level"
ENSG00000111725	PRKAB1	"Protein kinase AMP-activated non-catalytic subunit beta 1"	Q9Y478	"Evidence at protein level"
ENSG00000154229	PRKCA	"Protein kinase C alpha"	P17252	"Evidence at protein level"
ENSG00000113494	PRLR	"Prolactin receptor"	P16471	"Evidence at protein level"
ENSG00000115718	PROC	"Protein C, inactivator of coagulation factors Va and VIIIa"	P04070	"Evidence at protein level"
ENSG00000184500	PROS1	"Protein S"	P07225	"Evidence at protein level"
ENSG00000204983	PRSS1	"Serine protease 1"	P07477	"Evidence at protein level"
ENSG00000008018	PSMB1	"Proteasome subunit beta 1"	P20618	"Evidence at protein level"
ENSG00000205220	PSMB10	"Proteasome subunit beta 10"	P40306	"Evidence at protein level"
ENSG00000126067	PSMB2	"Proteasome subunit beta 2"	P49721	"Evidence at protein level"
ENSG00000100804	PSMB5	"Proteasome subunit beta 5"	P28074	"Evidence at protein level"
ENSG00000204264	PSMB8	"Proteasome subunit beta 8"	P28062	"Evidence at protein level"
ENSG00000240065	PSMB9	"Proteasome subunit beta 9"	P28065	"Evidence at protein level"
ENSG00000169403	PTAFR	"Platelet activating factor receptor"	P25105	"Evidence at protein level"
ENSG00000160951	PTGER1	"Prostaglandin E receptor 1"	P34995	"Evidence at transcript level"
ENSG00000125384	PTGER2	"Prostaglandin E receptor 2"	P43116	"Evidence at protein level"
ENSG00000050628	PTGER3	"Prostaglandin E receptor 3"	P43115	"Evidence at protein level"
ENSG00000171522	PTGER4	"Prostaglandin E receptor 4"	P35408	"Evidence at protein level"
ENSG00000122420	PTGFR	"Prostaglandin F receptor"	P43088	"Evidence at protein level"
ENSG00000160013	PTGIR	"Prostaglandin I2 receptor"	P43119	"Evidence at protein level"
ENSG00000124212	PTGIS	"Prostaglandin I2 synthase"	Q16647	"Evidence at protein level"
ENSG00000095303	PTGS1	"Prostaglandin-endoperoxide synthase 1"	P23219	"Evidence at protein level"
ENSG00000073756	PTGS2	"Prostaglandin-endoperoxide synthase 2"	P35354	"Evidence at protein level"
ENSG00000160801	PTH1R	"Parathyroid hormone 1 receptor"	Q03431	"Evidence at protein level"
ENSG00000144407	PTH2R	"Parathyroid hormone 2 receptor"	P49190	"Evidence at protein level"
ENSG00000120899	PTK2B	"Protein tyrosine kinase 2 beta"	Q14289	"Evidence at protein level"
ENSG00000103485	QPRT	"Quinolinate phosphoribosyltransferase"	Q15274	"Evidence at protein level"
ENSG00000132155	RAF1	"Raf-1 proto-oncogene, serine/threonine kinase"	P04049	"Evidence at protein level"
ENSG00000132329	RAMP1	"Receptor activity modifying protein 1"	O60894	"Evidence at protein level"
ENSG00000131477	RAMP2	"Receptor activity modifying protein 2"	O60895	"Evidence at protein level"
ENSG00000122679	RAMP3	"Receptor activity modifying protein 3"	O60896	"Evidence at protein level"
ENSG00000131759	RARA	"Retinoic acid receptor alpha"	P10276	"Evidence at protein level"
ENSG00000077092	RARB	"Retinoic acid receptor beta"	P10826	"Evidence at protein level"
ENSG00000172819	RARG	"Retinoic acid receptor gamma"	P13631	"Evidence at protein level"
ENSG00000143839	REN	Renin	P00797	"Evidence at protein level"
ENSG00000165731	RET	"Ret proto-oncogene"	P07949	"Evidence at protein level"
ENSG00000135002	RFK	"Riboflavin kinase"	Q969G6	"Evidence at protein level"
ENSG00000067900	ROCK1	"Rho associated coiled-coil containing protein kinase 1"	Q13464	"Evidence at protein level"
ENSG00000134318	ROCK2	"Rho associated coiled-coil containing protein kinase 2"	O75116	"Evidence at protein level"
ENSG00000116745	RPE65	"RPE65, retinoid isomerohydrolase"	Q16518	"Evidence at protein level"
ENSG00000100316	RPL3	"Ribosomal protein L3"	P39023	"Evidence at protein level"
ENSG00000167325	RRM1	"Ribonucleotide reductase catalytic subunit M1"	P23921	"Evidence at protein level"
ENSG00000171848	RRM2	"Ribonucleotide reductase regulatory subunit M2"	P31350	"Evidence at protein level"
ENSG00000048392	RRM2B	"Ribonucleotide reductase regulatory TP53 inducible subunit M2B"	Q7LG56	"Evidence at protein level"
ENSG00000186350	RXRA	"Retinoid X receptor alpha"	P19793	"Evidence at protein level"
ENSG00000204231	RXRB	"Retinoid X receptor beta"	P28702	"Evidence at protein level"
ENSG00000143171	RXRG	"Retinoid X receptor gamma"	P48443	"Evidence at protein level"
ENSG00000196218	RYR1	"Ryanodine receptor 1"	P21817	"Evidence at protein level"
ENSG00000198626	RYR2	"Ryanodine receptor 2"	Q92736	"Evidence at protein level"
ENSG00000170989	S1PR1	"Sphingosine-1-phosphate receptor 1"	P21453	"Evidence at protein level"
ENSG00000180739	S1PR5	"Sphingosine-1-phosphate receptor 5"	Q9H228	"Evidence at protein level"
ENSG00000185313	SCN10A	"Sodium voltage-gated channel alpha subunit 10"	Q9Y5Y9	"Evidence at protein level"
ENSG00000168356	SCN11A	"Sodium voltage-gated channel alpha subunit 11"	Q9UI33	"Evidence at protein level"
ENSG00000144285	SCN1A	"Sodium voltage-gated channel alpha subunit 1"	P35498	"Evidence at protein level"
ENSG00000105711	SCN1B	"Sodium voltage-gated channel beta subunit 1"	Q07699	"Evidence at protein level"
ENSG00000136531	SCN2A	"Sodium voltage-gated channel alpha subunit 2"	Q99250	"Evidence at protein level"
ENSG00000149575	SCN2B	"Sodium voltage-gated channel beta subunit 2"	O60939	"Evidence at protein level"
ENSG00000153253	SCN3A	"Sodium voltage-gated channel alpha subunit 3"	Q9NY46	"Evidence at protein level"
ENSG00000166257	SCN3B	"Sodium voltage-gated channel beta subunit 3"	Q9NY72	"Evidence at protein level"
ENSG00000007314	SCN4A	"Sodium voltage-gated channel alpha subunit 4"	P35499	"Evidence at protein level"
ENSG00000177098	SCN4B	"Sodium voltage-gated channel beta subunit 4"	Q8IWT1	"Evidence at protein level"
ENSG00000183873	SCN5A	"Sodium voltage-gated channel alpha subunit 5"	Q14524	"Evidence at protein level"
ENSG00000136546	SCN7A	"Sodium voltage-gated channel alpha subunit 7"	Q01118	"Evidence at protein level"
ENSG00000196876	SCN8A	"Sodium voltage-gated channel alpha subunit 8"	Q9UQD0	"Evidence at protein level"
ENSG00000169432	SCN9A	"Sodium voltage-gated channel alpha subunit 9"	Q15858	"Evidence at protein level"
ENSG00000111319	SCNN1A	"Sodium channel epithelial 1 alpha subunit"	P37088	"Evidence at protein level"
ENSG00000168447	SCNN1B	"Sodium channel epithelial 1 beta subunit"	P51168	"Evidence at protein level"
ENSG00000162572	SCNN1D	"Sodium channel epithelial 1 delta subunit"	P51172	"Evidence at protein level"
ENSG00000166828	SCNN1G	"Sodium channel epithelial 1 gamma subunit"	P51170	"Evidence at protein level"
ENSG00000080293	SCTR	"Secretin receptor"	P47872	"Evidence at protein level"
ENSG00000073578	SDHA	"Succinate dehydrogenase complex flavoprotein subunit A"	P31040	"Evidence at protein level"
ENSG00000204370	SDHD	"Succinate dehydrogenase complex subunit D"	O14521	"Evidence at protein level"
ENSG00000197632	SERPINB2	"Serpin family B member 2"	P05120	"Evidence at protein level"
ENSG00000117601	SERPINC1	"Serpin family C member 1"	P01008	"Evidence at protein level"
ENSG00000099937	SERPIND1	"Serpin family D member 1"	P05546	"Evidence at protein level"
ENSG00000106366	SERPINE1	"Serpin family E member 1"	P05121	"Evidence at protein level"
ENSG00000176974	SHMT1	"Serine hydroxymethyltransferase 1"	P34896	"Evidence at protein level"
ENSG00000090402	SI	Sucrase-isomaltase	P14410	"Evidence at protein level"
ENSG00000147955	SIGMAR1	"Sigma non-opioid intracellular receptor 1"	Q99720	"Evidence at protein level"
ENSG00000124523	SIRT5	"Sirtuin 5"	Q9NXA8	"Evidence at protein level"
ENSG00000026751	SLAMF7	"SLAM family member 7"	Q9NQ25	"Evidence at protein level"
ENSG00000074803	SLC12A1	"Solute carrier family 12 member 1"	Q13621	"Evidence at protein level"
ENSG00000064651	SLC12A2	"Solute carrier family 12 member 2"	P55011	"Evidence at protein level"
ENSG00000070915	SLC12A3	"Solute carrier family 12 member 3"	P55017	"Evidence at protein level"
ENSG00000124067	SLC12A4	"Solute carrier family 12 member 4"	Q9UP95	"Evidence at protein level"
ENSG00000124140	SLC12A5	"Solute carrier family 12 member 5"	Q9H2X9	"Evidence at protein level"
ENSG00000036565	SLC18A1	"Solute carrier family 18 member A1"	P54219	"Evidence at protein level"
ENSG00000165646	SLC18A2	"Solute carrier family 18 member A2"	Q05940	"Evidence at protein level"
ENSG00000105281	SLC1A5	"Solute carrier family 1 member 5"	Q15758	"Evidence at protein level"
ENSG00000168065	SLC22A11	"Solute carrier family 22 member 11"	Q9NSA0	"Evidence at protein level"
ENSG00000197891	SLC22A12	"Solute carrier family 22 member 12"	Q96S37	"Evidence at protein level"
ENSG00000197901	SLC22A6	"Solute carrier family 22 member 6"	Q4U2R8	"Evidence at protein level"
ENSG00000149452	SLC22A8	"Solute carrier family 22 member 8"	Q8TCC7	"Evidence at protein level"
ENSG00000151729	SLC25A4	"Solute carrier family 25 member 4"	P12235	"Evidence at protein level"
ENSG00000005022	SLC25A5	"Solute carrier family 25 member 5"	P05141	"Evidence at protein level"
ENSG00000169100	SLC25A6	"Solute carrier family 25 member 6"	P12236	"Evidence at protein level"
ENSG00000185803	SLC52A2	"Solute carrier family 52 member 2"	Q9HAB3	"Evidence at protein level"
ENSG00000140675	SLC5A2	"Solute carrier family 5 member 2"	P31639	"Evidence at protein level"
ENSG00000157103	SLC6A1	"Solute carrier family 6 member 1"	P30531	"Evidence at protein level"
ENSG00000103546	SLC6A2	"Solute carrier family 6 member 2"	P23975	"Evidence at protein level"
ENSG00000142319	SLC6A3	"Solute carrier family 6 member 3"	Q01959	"Evidence at protein level"
ENSG00000108576	SLC6A4	"Solute carrier family 6 member 4"	P31645	"Evidence at protein level"
ENSG00000130821	SLC6A8	"Solute carrier family 6 member 8"	P48029	"Evidence at protein level"
ENSG00000151012	SLC7A11	"Solute carrier family 7 member 11"	Q9UPY5	"Evidence at protein level"
ENSG00000165349	SLC7A3	"Solute carrier family 7 member 3"	Q8WY07	"Evidence at protein level"
ENSG00000155465	SLC7A7	"Solute carrier family 7 member 7"	Q9UM01	"Evidence at protein level"
ENSG00000183023	SLC8A1	"Solute carrier family 8 member A1"	P32418	"Evidence at protein level"
ENSG00000137491	SLCO2B1	"Solute carrier organic anion transporter family member 2B1"	O94956	"Evidence at protein level"
ENSG00000172062	SMN1	"Survival of motor neuron 1, telomeric"	Q16637	"Evidence at protein level"
ENSG00000205571	SMN2	"Survival of motor neuron 2, centromeric"	Q16637	"Evidence at protein level"
ENSG00000128602	SMO	"Smoothened, frizzled class receptor"	Q99835	"Evidence at protein level"
ENSG00000088826	SMOX	"Spermine oxidase"	Q9NWM0	"Evidence at protein level"
ENSG00000102172	SMS	"Spermine synthase"	P52788	"Evidence at protein level"
ENSG00000132639	SNAP25	"Synaptosome associated protein 25"	P60880	"Evidence at protein level"
ENSG00000057252	SOAT1	"Sterol O-acyltransferase 1"	P35610	"Evidence at protein level"
ENSG00000104549	SQLE	"Squalene epoxidase"	Q14534	"Evidence at protein level"
ENSG00000197122	SRC	"SRC proto-oncogene, non-receptor tyrosine kinase"	P12931	"Evidence at protein level"
ENSG00000145545	SRD5A1	"Steroid 5 alpha-reductase 1"	P18405	"Evidence at protein level"
ENSG00000277893	SRD5A2	"Steroid 5 alpha-reductase 2"	P31213	"Evidence at protein level"
ENSG00000139874	SSTR1	"Somatostatin receptor 1"	P30872	"Evidence at protein level"
ENSG00000180616	SSTR2	"Somatostatin receptor 2"	P30874	"Evidence at protein level"
ENSG00000278195	SSTR3	"Somatostatin receptor 3"	P32745	"Evidence at protein level"
ENSG00000132671	SSTR4	"Somatostatin receptor 4"	P31391	"Evidence at transcript level"
ENSG00000162009	SSTR5	"Somatostatin receptor 5"	P35346	"Evidence at protein level"
ENSG00000159164	SV2A	"Synaptic vesicle glycoprotein 2A"	Q7L0J3	"Evidence at protein level"
ENSG00000143858	SYT2	"Synaptotagmin 2"	Q8N9I0	"Evidence at protein level"
ENSG00000146399	TAAR1	"Trace amine associated receptor 1"	Q96RJ0	"Evidence at transcript level"
ENSG00000115353	TACR1	"Tachykinin receptor 1"	P25103	"Evidence at protein level"
ENSG00000006638	TBXA2R	"Thromboxane A2 receptor"	P21731	"Evidence at protein level"
ENSG00000059377	TBXAS1	"Thromboxane A synthase 1"	P24557	"Evidence at protein level"
ENSG00000120156	TEK	"TEK receptor tyrosine kinase"	Q02763	"Evidence at protein level"
ENSG00000003436	TFPI	"Tissue factor pathway inhibitor"	P10646	"Evidence at protein level"
ENSG00000180176	TH	"Tyrosine hydroxylase"	P07101	"Evidence at protein level"
ENSG00000126351	THRA	"Thyroid hormone receptor, alpha"	P10827	"Evidence at protein level"
ENSG00000151090	THRB	"Thyroid hormone receptor beta"	P10828	"Evidence at protein level"
ENSG00000137462	TLR2	"Toll like receptor 2"	O60603	"Evidence at protein level"
ENSG00000136869	TLR4	"Toll like receptor 4"	O00206	"Evidence at protein level"
ENSG00000196664	TLR7	"Toll like receptor 7"	Q9NYK1	"Evidence at protein level"
ENSG00000239732	TLR9	"Toll like receptor 9"	Q9NR96	"Evidence at protein level"
ENSG00000232810	TNF	"Tumor necrosis factor"	P01375	"Evidence at protein level"
ENSG00000067182	TNFRSF1A	"TNF receptor superfamily member 1A"	P19438	"Evidence at protein level"
ENSG00000120949	TNFRSF8	"TNF receptor superfamily member 8"	P28908	"Evidence at protein level"
ENSG00000120659	TNFSF11	"TNF superfamily member 11"	O14788	"Evidence at protein level"
ENSG00000102524	TNFSF13B	"TNF superfamily member 13b"	Q9Y275	"Evidence at protein level"
ENSG00000114854	TNNC1	"Troponin C1, slow skeletal and cardiac type"	P63316	"Evidence at protein level"
ENSG00000101470	TNNC2	"Troponin C2, fast skeletal type"	P02585	"Evidence at protein level"
ENSG00000198900	TOP1	"DNA topoisomerase I"	P11387	"Evidence at protein level"
ENSG00000184428	TOP1MT	"DNA topoisomerase I mitochondrial"	Q969P6	"Evidence at protein level"
ENSG00000131747	TOP2A	"DNA topoisomerase II alpha"	P11388	"Evidence at protein level"
ENSG00000077097	TOP2B	"DNA topoisomerase II beta"	Q02880	"Evidence at protein level"
ENSG00000129167	TPH1	"Tryptophan hydroxylase 1"	P17752	"Evidence at protein level"
ENSG00000139287	TPH2	"Tryptophan hydroxylase 2"	Q8IWU9	"Evidence at protein level"
ENSG00000196511	TPK1	"Thiamin pyrophosphokinase 1"	Q9H3S4	"Evidence at protein level"
ENSG00000137364	TPMT	"Thiopurine S-methyltransferase"	P51580	"Evidence at protein level"
ENSG00000115705	TPO	"Thyroid peroxidase"	P07202	"Evidence at protein level"
ENSG00000174417	TRHR	"Thyrotropin releasing hormone receptor"	P34981	"Evidence at protein level"
ENSG00000104321	TRPA1	"Transient receptor potential cation channel subfamily A member 1"	O75762	"Evidence at protein level"
ENSG00000144481	TRPM8	"Transient receptor potential cation channel subfamily M member 8"	Q7Z2W7	"Evidence at protein level"
ENSG00000196689	TRPV1	"Transient receptor potential cation channel subfamily V member 1"	Q8NER1	"Evidence at protein level"
ENSG00000167723	TRPV3	"Transient receptor potential cation channel subfamily V member 3"	Q8NET8	"Evidence at protein level"
ENSG00000165409	TSHR	"Thyroid stimulating hormone receptor"	P16473	"Evidence at protein level"
ENSG00000100300	TSPO	"Translocator protein"	"B1AH88, P30536"	"Evidence at protein level"
ENSG00000167552	TUBA1A	"Tubulin alpha 1a"	Q71U36	"Evidence at protein level"
ENSG00000127824	TUBA4A	"Tubulin alpha 4a"	P68366	"Evidence at protein level"
ENSG00000196230	TUBB	"Tubulin beta class I"	P07437	"Evidence at protein level"
ENSG00000101162	TUBB1	"Tubulin beta 1 class VI"	Q9H4B7	"Evidence at protein level"
ENSG00000258947	TUBB3	"Tubulin beta 3 class III"	Q13509	"Evidence at protein level"
ENSG00000188229	TUBB4B	"Tubulin beta 4B class IVb"	P68371	"Evidence at protein level"
ENSG00000108423	TUBD1	"Tubulin delta 1"	Q9UJT1	"Evidence at protein level"
ENSG00000074935	TUBE1	"Tubulin epsilon 1"	Q9UJT0	"Evidence at protein level"
ENSG00000131462	TUBG1	"Tubulin gamma 1"	P23258	"Evidence at protein level"
ENSG00000198431	TXNRD1	"Thioredoxin reductase 1"	Q16881	"Evidence at protein level"
ENSG00000025708	TYMP	"Thymidine phosphorylase"	P19971	"Evidence at protein level"
ENSG00000176890	TYMS	"Thymidylate synthetase"	P04818	"Evidence at protein level"
ENSG00000077498	TYR	Tyrosinase	P14679	"Evidence at protein level"
ENSG00000148154	UGCG	"UDP-glucose ceramide glucosyltransferase"	Q16739	"Evidence at protein level"
ENSG00000139190	VAMP1	"Vesicle associated membrane protein 1"	P23763	"Evidence at protein level"
ENSG00000220205	VAMP2	"Vesicle associated membrane protein 2"	P63027	"Evidence at protein level"
ENSG00000111424	VDR	"Vitamin D receptor"	P11473	"Evidence at protein level"
ENSG00000112715	VEGFA	"Vascular endothelial growth factor A"	P15692	"Evidence at protein level"
ENSG00000173511	VEGFB	"Vascular endothelial growth factor B"	P49765	"Evidence at protein level"
ENSG00000167397	VKORC1	"Vitamin K epoxide reductase complex subunit 1"	Q9BQB6	"Evidence at protein level"
ENSG00000196715	VKORC1L1	"Vitamin K epoxide reductase complex subunit 1 like 1"	Q8N0U8	"Evidence at protein level"
ENSG00000110799	VWF	"Von Willebrand factor"	P04275	"Evidence at protein level"
ENSG00000158125	XDH	"Xanthine dehydrogenase"	P47989	"Evidence at protein level"
ENSG00000101966	XIAP	"X-linked inhibitor of apoptosis"	P98170	"Evidence at protein level"
ENSG00000176105	YES1	"YES proto-oncogene 1, Src family tyrosine kinase"	P07947	"Evidence at protein level"
